R_bubble,Ionising_effciency,T_vir(min)
3.01836522386638,95.64854822258846,4.837034623741032
